{
  "LexicalSimilarity_rouge1": [
    -1.0,
    -1.0,
    -1.0,
    -1.0,
    -1.0,
    -1.0,
    -1.0,
    -1.0,
    -1.0,
    -0.9333333333333333,
    -0.8814814814814813,
    -0.8,
    -0.8,
    -0.8,
    -0.8,
    -0.7407407407407406,
    -0.6962962962962963,
    -0.6444444444444445,
    -0.6444444444444445,
    -0.6222222222222222,
    -0.6024978768061363,
    -0.5814814814814814,
    -0.5555555555555556,
    -0.5333333333333333,
    -0.5220467802074191,
    -0.5,
    -0.4888888888888889,
    -0.48148148148148145,
    -0.4666666666666667,
    -0.46614074074074086,
    -0.44862356743089854,
    -0.4444444444444444,
    -0.4296296296296296,
    -0.41481481481481475,
    -0.40400412937620334,
    -0.4,
    -0.3867471743817206,
    -0.37712447616291284,
    -0.3630770670159562,
    -0.35555555555555557,
    -0.35555555555555557,
    -0.3444444444444444,
    -0.3333333333333333,
    -0.33160909593312043,
    -0.3213334027306477,
    -0.312460508853656,
    -0.3038369941529857,
    -0.2920123194389886,
    -0.28542752368309104,
    -0.2794547541025944,
    -0.2720879980772889,
    -0.26666666666666666,
    -0.263297697880844,
    -0.25510619072612495,
    -0.24814814814814812,
    -0.24444444444444444,
    -0.2391643402182221,
    -0.2305296436709029,
    -0.22427205346888104,
    -0.2222222222222222,
    -0.21497538923395226,
    -0.21014130374054935,
    -0.20334550982969485,
    -0.1974782121862448,
    -0.19274342603724376,
    -0.18581121801867997,
    -0.18083224377110385,
    -0.17652562292350174,
    -0.16890035660143013,
    -0.16281107440267872,
    -0.15564924578142372,
    -0.1552329836314336,
    -0.14826618312332812,
    -0.14024436997823592,
    -0.13333333333333333,
    -0.13333254428323066,
    -0.12521699610992276,
    -0.11658847374768318,
    -0.1111111111111111,
    -0.10477873651729995,
    -0.09326828587832679,
    -0.08888888888888889,
    -0.08707769275413599,
    -0.07494974124325852,
    -0.06666666666666667,
    -0.06396498579954449,
    -0.05023439649863596,
    -0.044444444444444446,
    -0.03642693173458772,
    -0.022222222222222223,
    -0.022222222222222223,
    0.0,
    0.0,
    0.0,
    0.0,
    0.0,
    0.0,
    0.0,
    0.0,
    0.0
  ],
  "LexicalSimilarity_rouge2": [
    -1.0,
    -0.40310136281808334,
    -0.3333333333333333,
    -0.3006712732097385,
    -0.2714642120256222,
    -0.24413921515564957,
    -0.22592031743341226,
    -0.21057625268810226,
    -0.1968530590640311,
    -0.1792011432035932,
    -0.16760879607406937,
    -0.15555555555555556,
    -0.14473475046655895,
    -0.1345830497673909,
    -0.13021453773793965,
    -0.12061910187500027,
    -0.11125378693365456,
    -0.1035306164559284,
    -0.09478159237978939,
    -0.08888888888888889,
    -0.0836757937340638,
    -0.07905389747003397,
    -0.07392162128893726,
    -0.06839781529607403,
    -0.06666666666666667,
    -0.06651593123520651,
    -0.06272940948889524,
    -0.05716361357940304,
    -0.05275616535090126,
    -0.04904220236652882,
    -0.045164717563464414,
    -0.043668984858135654,
    -0.041047182182746854,
    -0.03859373370188125,
    -0.0364733950303107,
    -0.03437081058029189,
    -0.03146470861059433,
    -0.029271369772573087,
    -0.026915502292042825,
    -0.02413368266657161,
    -0.022222222222222223,
    -0.022222222222222223,
    -0.022222222222222223,
    -0.022222222222222223,
    -0.021800518727120934,
    -0.01964300851793124,
    -0.016540535797513304,
    -0.01416425616427628,
    -0.012196821292866205,
    -0.010246215981720937,
    -0.006965018394671274,
    -0.0021661741486980086,
    0.0,
    0.0,
    0.0,
    0.0,
    0.0,
    0.0,
    0.0,
    0.0,
    0.0,
    0.0,
    0.0,
    0.0,
    0.0,
    0.0,
    0.0,
    0.0,
    0.0,
    0.0,
    0.0,
    0.0,
    0.0,
    0.0,
    0.0,
    0.0,
    0.0,
    0.0,
    0.0,
    0.0,
    0.0,
    0.0,
    0.0,
    0.0,
    0.0,
    0.0,
    0.0,
    0.0,
    0.0,
    0.0,
    0.0,
    0.0,
    0.0,
    0.0,
    0.0,
    0.0,
    0.0,
    0.0,
    0.0,
    0.0
  ],
  "LexicalSimilarity_rougeL": [
    -1.0,
    -1.0,
    -1.0,
    -1.0,
    -1.0,
    -1.0,
    -1.0,
    -1.0,
    -1.0,
    -0.9333333333333333,
    -0.8814814814814813,
    -0.8,
    -0.8,
    -0.8,
    -0.8,
    -0.7407407407407406,
    -0.6962962962962963,
    -0.6444444444444445,
    -0.637037037037037,
    -0.6222222222222222,
    -0.5962962962962963,
    -0.5703703703703703,
    -0.5333333333333333,
    -0.5333333333333333,
    -0.5,
    -0.4888888888888889,
    -0.4666666666666667,
    -0.4666666666666667,
    -0.45248342528853625,
    -0.4444444444444444,
    -0.4222222222222222,
    -0.407670765347276,
    -0.4,
    -0.38284096094900566,
    -0.36803936322752906,
    -0.35590456421609157,
    -0.35555555555555557,
    -0.34258824033838103,
    -0.3333333333333333,
    -0.3259259259259259,
    -0.3144213784203592,
    -0.3024136080567994,
    -0.28888888888888886,
    -0.28129695880304056,
    -0.2715183609510354,
    -0.26666666666666666,
    -0.2601998723108934,
    -0.24814814814814812,
    -0.24444444444444444,
    -0.23862019859357272,
    -0.2287053621162638,
    -0.2222222222222222,
    -0.21988381687387915,
    -0.21122521960195642,
    -0.2047323094949964,
    -0.1990796844744456,
    -0.19275864568380716,
    -0.18443457120749432,
    -0.17899893083408552,
    -0.17457152091002634,
    -0.1682334264044654,
    -0.16173784300824764,
    -0.1557350355309692,
    -0.15533033319344003,
    -0.1495420097297132,
    -0.14313017326228233,
    -0.13974984611433774,
    -0.13551067167354108,
    -0.13333333333333333,
    -0.12948227272823393,
    -0.12476536423586851,
    -0.11902254344380421,
    -0.11431692372583918,
    -0.1111111111111111,
    -0.10690794107351269,
    -0.10217563131222274,
    -0.09710064071373868,
    -0.09218214502849548,
    -0.08888888888888889,
    -0.08878321524367949,
    -0.08252868451210733,
    -0.07556598963107614,
    -0.06868848766752605,
    -0.06666666666666667,
    -0.06172538828899097,
    -0.05343779478495141,
    -0.044444444444444446,
    -0.044444444444444446,
    -0.03176410208865857,
    -0.022222222222222223,
    -0.022222222222222223,
    0.0,
    0.0,
    0.0,
    0.0,
    0.0,
    0.0,
    0.0,
    0.0,
    0.0
  ],
  "LexicalSimilarity_BLEU": [
    0.28236105010010604,
    0.5289366615344524,
    0.6306465723815207,
    0.6702868091954013,
    0.7158126041591059,
    0.7547250878406443,
    0.7828385452216182,
    0.8111176967199307,
    0.8362981397570193,
    0.854893591987843,
    0.8672447702797222,
    0.880245581767897,
    0.8959522910740718,
    0.909034730451892,
    0.9198675453540196,
    0.928228966616602,
    0.937842689356438,
    0.9447070109295462,
    0.9513366245719201,
    0.9573230237052649,
    0.9627911631251125,
    0.9668494761135269,
    0.9708504357079839,
    0.9753354898032583,
    0.9777752229267689,
    0.980679559382923,
    0.9828269149143312,
    0.9852174726106048,
    0.9872631215309428,
    0.9890742637730879,
    0.9906804623662847,
    0.9922788923326628,
    0.9936499959418147,
    0.9951092510895101,
    0.9961036353049403,
    0.9970779380795874,
    0.9982903562888029,
    1.0,
    1.0,
    1.0,
    1.0,
    1.0,
    1.0,
    1.0,
    1.0,
    1.0,
    1.0,
    1.0,
    1.0,
    1.0,
    1.0,
    1.0,
    1.0,
    1.0,
    1.0,
    1.0,
    1.0,
    1.0,
    1.0,
    1.0,
    1.0,
    1.0,
    1.0,
    1.0,
    1.0,
    1.0,
    1.0,
    1.0,
    1.0,
    1.0,
    1.0,
    1.0,
    1.0,
    1.0,
    1.0,
    1.0,
    1.0,
    1.0,
    1.0,
    1.0,
    1.0,
    1.0,
    1.0,
    1.0,
    1.0,
    1.0,
    1.0,
    1.0,
    1.0,
    1.0,
    1.0,
    1.0,
    1.0,
    1.0,
    1.0,
    1.0,
    1.0,
    1.0,
    1.0,
    1.0
  ]
}