{
  "MeanTokenEntropy": {
    "low": 2.460051767955589e-06,
    "high": 2.9075606901852337e-05
  },
  "MeanPointwiseMutualInformation": {
    "low": -14.640225399524999,
    "high": -0.43460643723184317
  },
  "MeanConditionalPointwiseMutualInformation": {
    "low": 0.09838759495203311,
    "high": 1.2958320764853397
  },
  "PTrueSampling": {
    "low": 14.71445759186378,
    "high": 20.694652438530557
  },
  "MonteCarloSequenceEntropy": {
    "low": 54.83573940891709,
    "high": 175.30408968495368
  },
  "MonteCarloNormalizedSequenceEntropy": {
    "low": 5.48357394089171,
    "high": 17.530408968495372
  },
  "LexicalSimilarity_rouge1": {
    "low": -0.5488929089573391,
    "high": -0.0475116899951647
  },
  "LexicalSimilarity_rouge2": {
    "low": -0.319770106774923,
    "high": -0.005985640804239512
  },
  "LexicalSimilarity_rougeL": {
    "low": -0.48253081619232324,
    "high": -0.028639698390142007
  },
  "LexicalSimilarity_BLEU": {
    "low": 0.8050152436399225,
    "high": 1.0
  },
  "SemanticEntropy": {
    "low": 39.45473075402501,
    "high": 172.86968262583173
  },
  "MaximumTokenProbability": {
    "low": -1.0,
    "high": 0.0
  },
  "TokenEntropy": {
    "low": 7.1919374956627065e-06,
    "high": 2.5314351660199463e-05
  },
  "PointwiseMutualInformation": {
    "low": -23.179998323031953,
    "high": 1.3144851583098167
  },
  "ConditionalPointwiseMutualInformation": {
    "low": 0.0001602739772815067,
    "high": 2.7929045348901003
  },
  "SemanticEntropyToken": {
    "low": 1.192202406804383e-07,
    "high": 0.0006232098597528411
  },
  "PPLMDSeq_encoder": {
    "low": 0.0,
    "high": 1.0
  },
  "PPLMDSeq_decoder": {
    "low": 0.0,
    "high": 1.0
  }
}