{"MaxProbabilitySeq": {"low": -1.0, "high": 0.0}, "MaxProbabilityNormalizedSeq": {"low": -0.6887774713497355, "high": 0.0}, "EntropySeq": {"low": 2.460051767955589e-06, "high": 2.9075606901852337e-05}, "MutualInformationSeq": {"low": -14.640225399524999, "high": -0.43460643723184317}, "ConditionalMutualInformationSeq": {"low": 0.09838759495203311, "high": 1.2958320764853397}, "AttentionEntropySeq": {"low": 4.2293276025277e-06, "high": 3.140290904870794e-05}, "AttentionRecursiveSeq": {"low": 4.091567217438622e-06, "high": 3.081830315067132e-05}, "ExponentialAttentionEntropySeq_0.9": {"low": 2.9316440083812936e-06, "high": 2.9721324197049183e-05}, "ExponentialAttentionEntropySeq_0.8": {"low": 2.7797600329665903e-06, "high": 2.9601339101461896e-05}, "ExponentialAttentionRecursiveSeq_0.9": {"low": 3.1448852523036465e-06, "high": 2.8783605133294617e-05}, "ExponentialAttentionRecursiveSeq_0.8": {"low": 2.844254869858715e-06, "high": 2.867524036566745e-05}, "PTrue": {"low": 14.71445759186378, "high": 20.694652438530557}, "PUncertainty": {"low": 8.395933603580183, "high": 13.961426971142108}, "PredictiveEntropy": {"low": 54.83573940891709, "high": 175.30408968495368}, "LengthNormalizedPredictiveEntropy": {"low": 5.48357394089171, "high": 17.530408968495372}, "LexicalSimilarity_rouge1": {"low": -0.5488929089573391, "high": -0.0475116899951647}, "LexicalSimilarity_rouge2": {"low": -0.319770106774923, "high": -0.005985640804239512}, "LexicalSimilarity_rougeL": {"low": -0.48253081619232324, "high": -0.028639698390142007}, "LexicalSimilarity_BLEU": {"low": 0.8050152436399225, "high": 1.0}, "SemanticEntropy": {"low": 39.45473075402501, "high": 172.86968262583173}, "PredictiveEntropyAdaptedSampling": {"low": 54.49441269308999, "high": 177.75354528218398}, "SemanticEntropyAdaptedSampling": {"low": 39.0440103939157, "high": 175.41338683195343}, "MaxProbabilityToken": {"low": -1.0, "high": 0.0}, "MaxProbabilityNormalizedToken": {"low": -1.34, "high": 0.0}, "EntropyToken": {"low": 7.1919374956627065e-09, "high": 5.975290554880089e-05}, "MutualInformationToken": {"low": -23.179998323031953, "high": 1.3144851583098167}, "ConditionalMutualInformationToken": {"low": 0.0001602739772815067, "high": 2.7929045348901003}, "AttentionEntropyToken": {"low": 6.068733141696621e-09, "high": 7.842921483909274e-05}, "AttentionRecursiveToken": {"low": 1.5201113991101842e-06, "high": 4.634201827727415e-05}, "ExponentialAttentionEntropyToken_0.9": {"low": 6.154858007523564e-09, "high": 7.716115023041534e-05}, "ExponentialAttentionEntropyToken_0.8": {"low": 6.418357678464974e-09, "high": 7.210590241358501e-05}, "AttentionRecursiveToken_0.9": {"low": 5.052319453269463e-07, "high": 4.378411288145979e-05}, "AttentionRecursiveToken_0.8": {"low": 3.7150791806082114e-07, "high": 4.401421035901528e-05}, "SemanticEntropyToken": {"low": 1.192202406804383e-07, "high": 0.0006232098597528411}}